site,job_url,job_url_direct,title,company,location,job_type,date_posted,interval,min_amount,max_amount,currency,is_remote,emails,description,company_url,company_url_direct,company_addresses,company_industry,company_num_employees,company_revenue,company_description,logo_photo_url,banner_photo_url,ceo_name,ceo_photo_url
indeed,https://in.indeed.com/viewjob?jk=407be6e3cab7fc87,https://nextbridgesolutions.com/?page_id=25530#,Associate Software Engineer,NextBridge Solutions,"MH, IN","fulltime, internship",2024-03-16,,,,,False,,"An Inspiring Work Culture  Flexible Working Hours  Work Like Never Before
  
 Recent Graduates

We offers technical and business internships to students for 2 to 6 months and also full-time opportunities designed to empower you. Imagine the impact you can have and jumpstart your career. As we have successfully completed 5 yrs of execution.
 Experienced Professionals

Want to make a difference? So do we. Step in to explore the wealth of career opportunities and take your career to the next level.
  
Associate Software Engineer


  
Job Description:

Roles and Responsibilities and Skills required for the profile:

 Knowledge of one database SQL, Oracle, PostgreSQL, InformixSybase.
 Experience on web development HTML, PHP, ASP.Net, HTML5
 CTI (Computer Telephony Integration) based application development.
 Min one Programming knowledge on .Net, Java, Linux scripting, XMLVXMLCCXML.
 Knowledge on windows and Linux OS is must
 Basic knowledge on networking.
 Excellent written and oral communication skills in English Language.
 Willing to Travel on site
 Selected candidates have to sign two years of bond.
 Conducting analysis of website and application requirements.
 Writing back-end code and building efficient PHP modules.
 Developing back-end portals with an optimized database.
 Knowledge of PHP web frameworks including Yii, Laravel, and CodeIgniter.
 Proficient with code versioning tools including Git, Mercurial, CVS, and SVN

Requirements:

 Must have knowledge in Angular JS, NodeJS, Java script. And, HTML5, Web Services.
 Education Qualification (DegreeBranch): BCA, B.Tech, BE
 Able to work with minimal supervision
 Excellent listening and presentation skills",https://in.indeed.com/cmp/Nextbridge-Solutions,,,,,,,,,,
indeed,https://in.indeed.com/viewjob?jk=4b5f4e542a8bdd3d,https://nextbridgesolutions.com/?page_id=25530#,Software Engineer,NextBridge Solutions,"MH, IN","fulltime, internship",2024-03-16,,,,,False,,"An Inspiring Work Culture  Flexible Working Hours  Work Like Never Before
  
 Recent Graduates

We offers technical and business internships to students for 2 to 6 months and also full-time opportunities designed to empower you. Imagine the impact you can have and jumpstart your career. As we have successfully completed 5 yrs of execution.
 Experienced Professionals

Want to make a difference? So do we. Step in to explore the wealth of career opportunities and take your career to the next level.
  
Software Engineer


  
Job Description:

Roles and Responsibilities and Skills required for the profile:

 Full Stack Developer with Dot Net, Java, JSP, SQL and C with ASP, HTML and JavaScript language
 Avaya Experience Portal configurations
 Expert knowledge in IVR development and configurations using Orchestration Designer
 Ability to design call-flows from requirement documentation and workshops
 Experience in VXML, CXML, SSML, XML, JAVA, JSON and SVN repositories.
 Integration with the various back-end data systems, servers and adjuncts such as Web technology and application servers (Tomcat, WebSphere, IIS, Apache, WebLogic, etc.)
 Database via SQL, JDBCADO.NET (MS SQL Server Oracle  Postgres)
 Strong understanding of Natural Language design and Directed Dialogue design techniques for speech applications
 Good Knowledge with Avaya Contact Center CTI application and 3rd Party CRM integration such as Salesforce, Pega etc.
 Good knowledge in Avaya Contact center products such as Avaya Elite, Elite Multichannel, AACC etc.

 Requirements:

 2 Years of Experience as a Software Engineer.
 Experience in Angular JS, NodeJS, Java script. And, HTML5, Web Services.
 Education Qualification (DegreeBranch): BCA, B. tech, BE
 Able to work with minimal supervision
 Excellent listeningand presentation skills.
 Continuous learning  improving ability
 A good team player and adapt to new environment quickly",https://in.indeed.com/cmp/Nextbridge-Solutions,,,,,,,,,,
indeed,https://in.indeed.com/viewjob?jk=fd803378e96c2399,https://careers.wipro.com/careers-home/jobs/3062910,Developer,Wipro,"TN, IN",,2024-03-16,,,,,False,"helpdesk.recruitment@wipro.com, ombuds.person@wipro.com"," Chennai, India
 Tech Hiring
 3062910
Job Description
-------------------

  



Role Purpose


The purpose of this role is to design, test and maintain software programs for operating systems or applications which needs to be deployed at a client end and ensure its meet 100 quality assurance parameters

Do

 Instrumental in understanding the requirements and design of the product software

	 Develop software solutions by studying information needs, studying systems flow, data usage and work processes

	 Investigating problem areas followed by the software development life cycle

	 Facilitate root cause analysis of the system issues and problem statement

	 Identify ideas to improve system performance and impact availability

	 Analyze client requirements and convert requirements to feasible design

	 Collaborate with functional teams or systems analysts who carry out the detailed investigation into software requirements

	 Conferring with project managers to obtain information on software capabilities
 Perform coding and ensure optimal software module development
	 Determine operational feasibility by evaluating analysis, problem definition, requirements, software development and proposed software

	 Develop and automate processes for software validation by setting up and designing test casesscenariosusage cases, and executing these cases

	 Modifying software to fix errors, adapt it to new hardware, improve its performance, or upgrade interfaces.

	 Analyzing information to recommend and plan the installation of new systems or modifications of an existing system

	 Ensuring that code is error free or has no bugs and test failure
	 Preparing reports on programming project specifications, activities and status

	 Ensure all the codes are raised as per the norm defined for project  program  account with clear description and replication patterns

	 Compile timely, comprehensive and accurate documentation and reports as requested

	 Coordinating with the team on daily project status and progress and documenting it

	 Providing feedback on usability and serviceability, trace the result to quality risk and report it to concerned stakeholders
 Status Reporting and Customer Focus on an ongoing basis with respect to project and its execution

	 Capturing all the requirements and clarifications from the client for better quality work

	 Taking feedback on the regular basis to ensure smooth and on time delivery

	 Participating in continuing education and training to remain current on best practices, learn new programming languages, and better assist other team members.

	 Consulting with engineering staff to evaluate software-hardware interfaces and develop specifications and performance requirements
	 Document and demonstrate solutions by developing documentation, flowcharts, layouts, diagrams, charts, code comments and clear code
	 Documenting very necessary details and reports in a formal way for proper understanding of software from client proposal to implementation
	 Ensure good quality of interaction with customer w.r.t. e-mail content, fault report tracking, voice calls, business etiquette etc
	 Timely Response to customer requests and no instances of complaints either internally or externally
Stakeholder Interaction

Stakeholder Type

  

Stakeholder Identification

  

Purpose of Interaction

  

  

Internal

  

Lead Software Developer and Project Manager

  

Regular reporting  updates

  

  

Software Developers

For work coordination and support in providing testing solutions

  

External

  

Clients

  

Provide apt solutions and support as per the requirement

  

Display

Lists the competencies required to perform this role effectively:

 Functional Competencies Skill
	 Leveraging Technology  Knowledge of current and upcoming technology along with expertise in programming (automation, tools and systems) to build efficiencies and effectiveness in own function Client organization  Competent
	 Process Excellence - Ability to follow the standards and norms to produce consistent results, provide effective control and reduction of risk  Expert
	 Technical knowledge  knowledge of various programming languages, tools, quality management standards and processes - Expert
  

Competency Levels

  

  

Foundation

  

Knowledgeable about the competency requirements. Demonstrates (in parts) frequently with minimal support and guidance.

  

  

Competent

  

Consistently demonstrates the full range of the competency without guidance. Extends the competency to difficult and unknown situations as well.

  

  

Expert

  

Applies the competency in all situations and is serves as a guide to others as well.

  

  

Master

  

Coaches others and builds organizational capability in the competency area. Serves as a key resource for that competency and is recognised within the entire organization.

  

 Behavioral Competencies
	 Formulation  Prioritization
	 Innovation
	 Managing Complexity
	 Execution Excellence
	 Passion for Results

Deliver

No.

  

Performance Parameter

  

Measure

  

  

1.

  

Continuous Integration, Deployment  Monitoring of Software

  

100 error free on boarding  implementation, throughput , Adherence to the schedule release plan

  

  

2.

  

Quality  CSAT

  

On-Time Delivery, Manage software, Troubleshoot queries


Customer experience, completion of assigned certifications for skill upgradation

  

  

3.

  

MIS  Reporting

  

100 on time MIS  report generation

  

  

Finastra - TI Plus
  
If you encounter any suspicious mail, advertisements, or persons who offer jobs at Wipro, please email us at helpdesk.recruitmentwipro.com. Do not email your resume to this ID as it is not monitored for resumes and career applications.


Any complaints or concerns regarding unethicalunfair hiring practices should be directed to our Ombuds Group at ombuds.personwipro.com
  

  

We are an Equal Opportunity Employer. All qualified applicants will receive consideration for employment without regard to race, color, caste, creed, religion, gender, marital status, age, ethnic and national origin, gender identity, gender expression, sexual orientation, political orientation, disability status, protected veteran status, or any other characteristic protected by law.  

  

Wipro is committed to creating an accessible, supportive, and inclusive workplace. Reasonable accommodation will be provided to all applicants including persons with disabilities, throughout the recruitment and selection process. Accommodations must be communicated in advance of the application, where possible, and will be reviewed on an individual basis. Wipro provides equal opportunities to all and values diversity.",https://in.indeed.com/cmp/Wipro,http://www.wipro.com,Bengaluru,,"10,000+",$5B to $10B (USD),,https://d2q79iu7y748jz.cloudfront.net/s/_squarelogo/256x256/8b2cd63e1e41ba18596880aca0e609bc,https://d2q79iu7y748jz.cloudfront.net/s/_headerimage/1960x400/9206a011f85c6458bd1bbe586303936b,Thierry Delaporte,https://d2q79iu7y748jz.cloudfront.net/s/_ceophoto/512x512/760e78eb02611ca09f6dca590a8e3242
indeed,https://in.indeed.com/viewjob?jk=4bd7fa1900ff2aff,http://in.indeed.com/job/codeigniter-developer-4bd7fa1900ff2aff,codeigniter developer,digipos,"TS, IN",fulltime,2024-03-16,,,,,False,,"codeigniter skills to build application and changes in existing code

Job Type: Full-time

Salary: 12,000.00 - 25,000.00 per month

Benefits:

 Flexible schedule

Schedule:

 Day shift
 Monday to Friday",https://in.indeed.com/cmp/Digipos-2,,,,,,,,,,
indeed,https://in.indeed.com/viewjob?jk=a38abd9cf8f5fbd6,http://in.indeed.com/job/senior-front-end-developer-a38abd9cf8f5fbd6,Senior Front End Developer,Tirikala Karmic solutions,"Remote, IN",parttime,2024-03-16,,,,,True,,"We are seeking a front-end web developer to join our team. As a front-end developer, you will be responsible for the user interface of our website. Qualified candidates will be expected to have a working knowledge of HTML5, CSS, and JavaScript and a basic understanding of user interface and user experience (UIUX) design.

Your duties will include turning wireframes and mock-ups into reusable code and building high-quality UI components with scalability in mind.

 Developing and maintaining web applications that are optimised for various devices and browsers
 Implementing responsive design and cross-browser compatibility for different screen sizes
 Developing user-friendly and interactive web features such as buttons, forms, and menus
 Using JavaScript libraries and frameworks such as React or Angular to build complex web applications and interactive features
 Writing and maintaining code that is clean, efficient, and easy to understand
 Testing web applications to ensure they are bug-free and work seamlessly for the end-users.

Job Type: Part-time

Salary: 6,000.00 - 10,000.00 per month

Expected hours: 30 per week

Benefits:

 Work from home

Schedule:

 Evening shift

Supplemental pay types:

 Performance bonus
 Yearly bonus

Experience:

 Angular: 5 years (Preferred)
 CSS: 5 years (Required)
 HTML5: 5 years (Preferred)

Work Location: Remote

Speak with the employer  
91 9898989898  
Application Deadline: 31032024  
Expected Start Date: 31032024",https://in.indeed.com/cmp/Tirikala-Karmic-Solutions,,,,,,,,,,
indeed,https://in.indeed.com/viewjob?jk=89e6510e0489baf4,http://in.indeed.com/job/laravel-developer-89e6510e0489baf4,Laravel Developer,Grocito Online Private Limited,"Remote, IN",fulltime,2024-03-16,,,,,True,,"Job description

Job Description :

We are looking for a dynamic and smart software developer with great PHP skills. To be part of our team you should have following :

- One should design, develop and test web-based applications, you will also be responsible to enhance existing applications.

- You must have at least 1 years of experience using PHP, Laravel, MySQL, and Apache.

- Great experience with PHP based frameworks like Laravel.

- Experience working with PHP, performing unit testing, and managing APIs such as REST.

- Comfortable with Payment Gateways integration

- Candidate must have strong knowledge  experience on PHP, JQUERY, JAVA SCRIPT, MYSQL HTML,CSS, Bootstrap etc.

Kindly note- Its a Work from home job so employee should have their own Laptop PC to work.

Job Types: Full-time, Permanent

Salary: 8,000.00 - 12,000.00 per month

Benefits:

 Work from home

Schedule:

 Day shift
 Morning shift

Tipe Lokasi:

 Remote

Education:

 Bachelors (Preferred)

Experience:

 total work: 1 year (Preferred)
 HTML5: 1 year (Preferred)
 Laravel: 1 year (Preferred)

Work Location: Remote",https://in.indeed.com/cmp/Grocito-Online-Private-Limited,https://grocito.com,,,11 to 50,less than $1M (USD),"Grocito is an e-commerce platform that allows businesses, commercial establishments, and individuals to create their own online store. Join us in reshaping local commerce & uplifting small businesses.",https://d2q79iu7y748jz.cloudfront.net/s/_squarelogo/256x256/d6873443d3d74b8cc0db7bd04dd7d2bd,https://d2q79iu7y748jz.cloudfront.net/s/_headerimage/1960x400/af337b0f7448367bc910e1eda7794a7c,,
indeed,https://in.indeed.com/viewjob?jk=67e3d803af17df04,https://careers.fisglobal.com/us/en/job/FIGLUSJR0268954EXTERNAL/Software-Engineer-Specialist?utm_source=indeed&utm_medium=phenom-feeds,Software Engineer Specialist,FIS,"PB, IN",fulltime,2024-03-16,,,,,False,,"Position Type :

Full timeType Of Hire :

Experienced (relevant combo of work and education)Education Desired :

Bachelor of Computer EngineeringTravel Percentage :

0
GENERAL DUTIES  RESPONSIBILITIES  

 Analyzes, designs, programs, debugs and modifies software enhancements andor new products used in local, networked or Internet-related computer programs. (Code must be used in core version of applications available for sale commercially.)
 Interacts with product managers andor users to define system requirements andor necessary modifications.
 Participates in software design meetings and analyzes user needs to determine technical requirements.
 Write technical specifications based on conceptual design and stated business requirements.
 Writes code, completes programming and performs testing and debugging of applications using current programming languages and technologies.
 Completes documentation and procedures for installation and maintenance.
 Trains and communicates with internal Client Training, Client Relationship and Sales teams on systems application.
 May be responsible for developing or executing project plans, budgets and schedules and for documenting work and results.
 May deliver informational and decision-seeking presentations to technical and business groups to internal andor external audiences.
 Other related duties assigned as needed.


EDUCATION REQUIREMENTS  

A Bachelors degree in computer engineering, computer science or other related discipline or the equivalent combination of education, training, or work experience.  

GENERAL KNOWLEDGE, SKILLS  ABILITIES  

 Knowledge of FIS products and services; in-depth knowledge of products and services in assigned line(s) of business
 Knowledge of financial services industry
 Knowledge of end-to-end systems development life cycles, e.g., waterfall, iterative and other modern approaches to software development
 Knowledge of standards relevant to the software industry , e.g., ISO, CMM, Six Sigma
 Knowledge of banking practices, regulations and operations within assigned line(s) of business
 In-depth understanding of design patterns and their application
 Fluency in developing and understanding sequence diagrams, class models, etc.
 Proficiency in solutions design and requirements definition disciplines leveraging model driven design based tools and techniques including conceptual solution component models, business process models, use cases, etc.
 Outstanding verbal and written communication skills to technical and non-technical audiences of various levels in the organization, e.g., executive, management, individual contributors
 Excellent analytical, decision-making, problem-solving, team and time management skills
 Ability to persuade and influence others on the best approach to take
 Ability to estimate work effort for project sub-plans or small projects and ensure the project is successfully completed
 Positive outlook, strong work ethic, and responsive to internal and external clients and contacts
 Willingly and successfully fulfills the role of teacher, mentor and coach
 May require in-depth knowledge of networking, computing platform, storage, database, security, middleware, network and systems management and related infrastructure technologies and practices


FIS JOB LEVEL DESCRIPTION  

Expert role. Has team leadership duties, including instructing, assigning and checking the work of other Software Engineers. Assists in planning, organizing and controlling the activities of the team. Coordinates the activities of the team with other IT teams and the product management team. Specialized depth andor breadth of skills, experience and proficiency. Acts as expert technical resource to software engineering staff in the development, testing and implementation processes. Frequently acts as a Project Leader. Receives general direction from management. Assists in all levels of supervision and may perform management functions in the absence of the Manager or may act as Project Manager for major projects. Does not have hire, fire, performance coachingdevelopment authority. Typically requires ten or more years software engineering experience.Privacy Statement


FIS is committed to protecting the privacy and security of all personal information that we process in order to provide services to our clients. For specific information on how FIS protects personal information online, please see the Online Privacy Notice.

Sourcing Model


Recruitment at FIS works primarily on a direct sourcing model; a relatively small portion of our hiring is through recruitment agencies. FIS does not accept resumes from recruitment agencies which are not on the preferred supplier list and is not responsible for any related fees for resumes submitted to job postings, our employees, or any other part of our company.


pridepass",https://in.indeed.com/cmp/Fis-9,https://www.fisglobal.com,"Jacksonville, FL",,"10,000+",more than $10B (USD),"FIS is a global leader in financial services technology, with a focus on retail and institutional banking, payments, asset and wealth management, risk and compliance, and outsourcing solutions.",https://d2q79iu7y748jz.cloudfront.net/s/_squarelogo/256x256/74c24c519884acea1e53300addb0f7b6,https://d2q79iu7y748jz.cloudfront.net/s/_headerimage/1960x400/533fbeb1da9bc4b19c6745103327bde2,Stephanie Ferris CEO and President,https://d2q79iu7y748jz.cloudfront.net/s/_ceophoto/512x512/bec33e8d9d82a30bbc6af77c81ad0b36
indeed,https://in.indeed.com/viewjob?jk=c64cde0dcd0cf7e0,http://in.indeed.com/job/jr-web-developer-kolkata-btech-mca-bca-bsccs-c64cde0dcd0cf7e0,Jr. Web Developer (Kolkata BTECH MCA BCA BSCCS),AVSKY GLOBAL SOLUTIONS,"WB, IN",fulltime,2024-03-16,,,,,True,,"Should have knowledge in relevant technologies among - php, mysql, html, css, javascript, jquery, xml, python, node js, react js, angular, fullstack, bootstrap, laravel, flutter, mern, ruby, django, springboot, asp.net, c, sql server, oracle, mongodb, kotlin, html5 etc. Candidate should be well conversant in english hindi bengali too.

Web based development, customization, implementation and maintenance. Training or probation period is upto first six months. Work at office only.

Candidates having BTechMCABCABSC MSC Comp Sc IT or equivalent will be preferred. Freshers can apply.

Interview Mode: First Online or telephonic round then f2f..

We do not consider any kind of remote or work from home job as experience..

Office hours: Mon-Fri (10-6:30),Sat (10-2:30).

Job Types: Full-time, Fresher

Salary: 10,000.00 - 40,000.00 per month

Schedule:

 Day shift

Supplemental pay types:

 Performance bonus

Work Location: In person",https://in.indeed.com/cmp/Avsky-Global-Solutions,,,,,,,,,,
indeed,https://in.indeed.com/viewjob?jk=c141e3f8f324e9da,http://in.indeed.com/job/guidewire-developer-c141e3f8f324e9da,Guidewire Developer,Cognizioni IT Solutions LLC,"Remote, IN",fulltime,2024-03-16,,,,,True,,"Title: Guidewire Developer

Location: India(Remote)

Guidewire Policy Center Microservices Development Experience Guidewire Certification Job Requirements:Hands-on experience with Guidewire PolicyCenter, including Product Model configuration, Entity, Batch process, REST, Web services Integrations, PCF, Gosu Scripts, and Rules. (Lead: 10 years, Senior 5-10 years)  
Hold Guidewire PolicyCenter Associate certification for version 10.x, Guidewire ACE 10.x certification is preferred.  
Experience with Guidewire Cloud Implementation experience from the Inception to Implementation phases  
Experience with one or more of these technologies: Java, Kafka, Spring, Redis, Kubernetes, OpenShift.  
Able to articulate complex technology subjects to IT and business audiences at all organizational levels.  
Demonstrate effective communication and build high-trust relationships with peers and leaders.  
Able to develop solutions by using Guidewire PolicyCenter out-of-box services, in-house developed APIs, and third-party vendor APIs.  
Able to migrate legacy applications to Guidewire and AWS Cloud and create reusable patterns to reduce future migration costs.  
Experience with system operations and addressing non-functional requirements (e.g., scalability, performance, maintainability, load balance, resilience, disaster recovery, etc.)  
Experience with SAFe framework or similar agile frameworks. Minimum EducationExperience requirements:Bachelors degree in related field of study OR 4 additional years of related experience beyond the minimum required  
6 years of software development experience demonstrating depth of technical understanding within a specific discipline(s)technology(s)  
Demonstrated ability to independently research technical issues and generate creativeinnovative solutions

Job Type: Full-time

Pay: 13,192.39 - 62,082.66 per month

Schedule:

 Monday to Friday

Education:

 Bachelors (Preferred)

Experience:

 total work: 1 year (Preferred)
 software development: 1 year (Preferred)
 HTML5: 1 year (Preferred)

Work Location: Remote",https://in.indeed.com/cmp/Cognizioni-IT-Solutions-LLC,,,,,,,,,,
indeed,https://in.indeed.com/viewjob?jk=d6ce7f52f4524fb3,https://cafsinfotech.com/careers/#collapse-c6119b765f5cca29f741,Flutter Developer,CAFSInfotech,"TN, IN",,2024-03-16,,,,,False,,"Interview Location: Chennai  

Work Location: Chennai  

Experience: 0-3 years  

Qualification: Any Degree

JOB DESCRIPTION


We are looking for a Flutter Developer responsible for creating multi-platform apps for iOS and Android using Googles Flutter development framework. The primary focus will be on creating new experiences and maintaining existing apps. Deep experience contributing to and managing high-scale production mobile apps. You must have strong previous experience in Flutter and Dart development.

ROLES AND RESPONSIBILITIES

 Experience in the development of AndroidiOS applications with Flutter and have deployed them on Google PlayApp Store
 Experience in Flutter Web
 Proficient in multiple state management systems like Provider, GetX etc.
 Have a good understanding of the design patterns like MVVM, MVC etc.
 Familiarity with Networking, Camera, Offline storage and Maps SDK.
 Understanding of iOSAndroid design principles and interface guidelines.
 Familiarity with local and push notifications.
 Experience with third-party libraries and APIs.
 Experience with offline storage, threading, and performance tuning.
 Familiarity using version control tools like Git etc. and IDEs like Android Studio, VS Code etc.
 Bachelors degree in computer science or related discipline
 Maintain existing codebases
 Build reusable code and libraries for future use
 Integrate user-interfaces elements developed by other developers
 Build user interfaces designed by UIUX designers
 Integrate various APIs from third parties
 Debug existing apps components, fix issues and avoid regressions
 Collaborate closely with the teams of UIUX designers, PMs, QAs, and other developers
 Optimize application for maximum speed and scalability
 Follow the company guidelines and best practices",https://in.indeed.com/cmp/Cafsinfotech,,,,,,,,,,
indeed,https://in.indeed.com/viewjob?jk=07bcbc056417bdc2,https://www.itoolsolutions.com/career/#collapse-2-53931812665f5cc298d2d1,PHP Developer (Laravel / Codeignator),iTool Solutions,"GJ, IN",fulltime,2024-03-16,,,,,False,,"iTool Solutions is seeking a full-time Web DeveloperDesigner. An ideal candidate must have at least 2 years of experience.
  

  

Qualification: Bachelors degree  

Experience: 2 Years  

Job Location: Surat  

  

Basic Skills:  

i. Good communication and interpersonal skills  

ii. 2 years of experience working with Core PHP  Laravel or Codeignator.  

iii. Having experience with other CMS like Wordpress, Opencart, Joomla, Shopify  

iv. Strong knowledge of current web development languages (including HTML5, CSS3, PHPMySQL)  

v. Familiarity with web standards and usability  

vi. Ability to manage multiple projects at a time  

vii. Flexibility and eagerness to identify, learn, and use new and changing technologies  

viii. Familiarity with ASP .net, JavascriptVBScript, web server configurations (Windows and Linux) a plus  

ix. Self-motivated with Go Get It attitude  

  

Responsibility:  

i. Design and implement websites from initial concept, site architecture, and user interface to finished deliverable  

ii. Code and implement Laravel or Codeingator sites from Photoshop layout through HtmlCSS to a custom theme and functions  

iii. Design and implement new features, enhancements, and content of existing websites  

iv. Create and update re-usable code libraries to streamline development cycle  

v. Facilitate client training, site documentation and maintenance  

vi. Design interfaces and graphics for presentations and mobile-delivered applications",https://in.indeed.com/cmp/Itool-Solutions,,,,,,,,,,
indeed,https://in.indeed.com/viewjob?jk=3eb1b1101ac75830,https://www.itoolsolutions.com/career/#collapse-5-53931812665f5cc298d2d1,Dot Net Developer,iTool Solutions,"GJ, IN",,2024-03-16,,,,,False,,"iTool Solutions is looking for a .Net developer to build software using languages and technologies of the .NET framework. You will create applications from scratch, configure existing systems and provide user support.
  

  

Qualification: Bachelors degree  

Experience: 2 Years  

Job Location: Surat  

  

Basic Skills:  

i. Good communication and interpersonal skills  

ii. Understanding of Agile methodologies  

iii. 1 years of experience working with Dotnet Framework  

iv. Strong knowledge of current web development languages (including HTML5, CSS3, SQL)  

v. Familiarity with web standards and usability  

vi. Ability to manage multiple projects at a time  

vii. Flexibility and eagerness to identify, learn, and use new and changing technologies  

viii. Familiarity with the ASP.NET framework, SQL Server and designarchitectural patterns (e.g. Model-View-Controller (MVC))  

ix. Familiarity with architecture stylesAPIs (REST, RPC)  

x. Self-motivated with Go Get It attitude  

  

Responsibility:  

i. Design and implement architecture for application requirements  

ii. Write clean, scalable code using .NET programming languages  

iii. Design and implement new features, enhancements, and content of existing websites  

iv. Create and update re-usable code libraries to streamline Dotnet development cycle  

v. Test and deploy applications and systems  

vi. Develop documentation throughout the software development lifecycle (SDLC)  

vii. Serve as an expert on applications and provide technical support",https://in.indeed.com/cmp/Itool-Solutions,,,,,,,,,,
indeed,https://in.indeed.com/viewjob?jk=8dc386eab8693467,https://www.itoolsolutions.com/career/#collapse-4-53931812665f5cc298d2d1,iOS Developer,iTool Solutions,"GJ, IN",,2024-03-16,,,,,False,,"iTool Solutions is looking for an iOS Developer to build the native applications using languages Swift  Objective-C on Xcode. You will create applications from scratch, configure the existing application and provide user support.  

  

Qualification: Bachelors degree  

Experience: 3 Years  

Job Location: Surat  

  

Basic Skills:  

i. Good communication and interpersonal skills  

ii. 3 years of experience working with Swift  Objective-C.  

iii. Having experience with Auto Layout and other new features  

iv. Strong knowledge of current iOS development languages (Swift  Objective-C)  

v. Ability to manage multiple projects at a time  

vi. Flexibility and eagerness to identify, learn, and use new and changing technologies  

vii. Self-motivated with Go Get It attitude  

  

  

Responsibility:  

i. Design and implement applications from initial concept, app architecture, and user interface to finished deliverable  

ii. Code and implement iOS app from PhotoshopUI design layout through Xcode.  

iii. Design and implement new features, enhancements, and content of existing applications  

iv. Create and update re-usable code libraries to streamline app development cycle  

v. Facilitate client training, app documentation and maintenance  

vi. Design interfaces and graphics for presentations and mobile-delivered applications",https://in.indeed.com/cmp/Itool-Solutions,,,,,,,,,,
indeed,https://in.indeed.com/viewjob?jk=65c20b6e25253f31,https://www.itoolsolutions.com/career/#collapse-1-53931812665f5cc298d2d1,Android Developer,iTool Solutions,"GJ, IN",,2024-03-16,,,,,False,,"iTool Solutions is looking for an Android Developer to build the native applications using languages Java and Kotlin on Android Studio. You will create applications from scratch, configure the existing application and provide user support.  

  

Qualification: Bachelors degree  

Experience: 3 Years  

Job Location: Surat  

  

Basic Skills:  

i. Good Communication and interpersonal skills  

ii. 3 years of experience working with Java  Kotlin.  

iii. Having experience with Dagger 2, MVVM, Databinding, RxJava  Tests (Unit Test  Instrumentation Test)  

iv. Strong knowledge of current Android development languages (Java and Kotlin)  

v. Must have experience with Unit Tests and Instrumented Tests.  

vi. Familiarity with Google standards and usability  

vii.Ability to manage multiple projects at a time  

viii. Flexibility and eagerness to identify, learn, and use new and changing technologies  

ix. Self-motivated with Go Get It attitude  

  

  

Responsibility:  

i. Design and implement applications from initial concept, app architecture, and user interface to finished deliverable  

ii. Code and implement the Android app from PhotoshopUI design layout through XML.  

iii. Design and implement new features, enhancements, and content of existing applications  

iv. Create and update re-usable code libraries to streamline app development cycle  

v. Facilitate client training, app documentation and maintenance  

vi. Design interfaces and graphics for presentations and mobile-delivered applications",https://in.indeed.com/cmp/Itool-Solutions,,,,,,,,,,
indeed,https://in.indeed.com/viewjob?jk=c5c98c4c755e6219,https://careers.opentext.com/job/Hyderabad-Lead-Software-Engineer-SNOW-Configuration-%28Incident-Managment%29-TG/573268517/?feedId=348917&utm_source=Indeed&utm_campaign=OpenText_Indeed,Lead Software Engineer - SNOW Configuration (Incident Managment),OpenText,"TS, IN",,2024-03-16,,,,,False,hr@opentext.com,"OPENTEXT - THE INFORMATION COMPANY  

  

As the Information Company, our mission at OpenText is to create software solutions and deliver services that redefine the future of digital. Be part of a winning team that leads the way in Enterprise Information Management.

  

The Opportunity:


We are seeking a talented developer who is a self-starter and capable of learning new technologies quickly. The successful candidate will work closely with our internal teams and will be responsible for configuration, administration, development, and support.  

This position involves being part of a dynamic team environment responsible for supporting solutions to meet business requirements of OpenText while improving ones own technical skillset and growing in their career.  

  

You are great at:  

  

 Provide Level-3 support to SMAX tenant(s) for all incident alerts received from monitoring systems, tickets, and end-users.
 Support the response to Major Incidents to ensure a timely restoration of service.
 Perform diagnostics to remediate detected and reported incidents.
 Support change and release management activities by executing documented procedures.
 Driving governance, standardization, and scalability across the ITOM environment.
 Document and improve procedures, knowledge articles for use by IT Operational Teams.
 The DevOps Analyst will be required to support all feature development and technical configuration of SMA

 including:


o Extensive experience of Studio  

o Endpoint and external systems integration  

o Master Data  

o Custom Lists  

o Virtual Agent  

o Smart Analytics and Service Portal  

o Service Catalogue  Offering rules and form fields.  

o Process, workflow, and data loads  

o Survey, SLAs, Models, and templates  

o Dashboards  Reporting  

 Systems integration knowledge of other systems including OPB, OO, OBM, uCMDB is preferable.
 Able to take business requirements and provide solutions, documenting designs and communicating directly with business functions, project delivery and BAU activities.
 Reporting: Event and performance dashboards
 Release Management: Integration and upgrades in-line with all ITOM tooling including SMAX and 3rd party products  Manage, support all future releases covering: Enhancements, Bug fixes, Known issues.
 Administration: Supporting all requests either via projects of BAU SMAX requests for all activities that cover: Configuration, Knowledge, Reporting, Runbook automation updates
  

What it Takes:  

  

 Bachelors Degree or a combination of education and equivalent experience
 6  years of IT experience in IT Operating applications and Service Management specifically around ITOM products
 Working knowledge in one or more of the following areas:


o Service Level Management  

o Configuration Management  

o Service Management Design  

o Testing and Transition  

 Proven analytical and problem-solving skills and the ability to organize and prioritize several tasks at one time.
 ITIL v4 accredited.
 Working knowledge of IT4IT framework.
 Understanding of Agile methodologies, such as Kanban and the ability to work within an agile framework.
 Good understanding of both on-Cloud and off-Cloud environments.
 Creative problem solving and analysis skills with an ability to identify, develop and implement solutions to gaps to meet the needs of the business.
 Ability to comprehend and follow documented guidelines and procedures.
 Excellent verbal and written communication skills are required.
  

OpenTexts efforts to build an inclusive work environment go beyond simply complying with applicable laws. Our Employment Equity and Diversity Policy provides direction on maintaining a working environment that is inclusive of everyone, regardless of culture, national origin, race, color, gender, gender identification, sexual orientation, family status, age, veteran status, disability, religion, or other basis protected by applicable laws. If you need assistance andor a reasonable accommodation due to a disability during the application or recruiting process, please contact us at hropentext.com.",https://in.indeed.com/cmp/Opentext,http://www.opentext.com,"Waterloo, CA", Internet And Software,"10,000+",$1B to $5B (USD),"A global leader in Enterprise Information Management solutions, we enable intelligent & connected enterprises and inspire new ways to work.",https://d2q79iu7y748jz.cloudfront.net/s/_squarelogo/256x256/cb632ddb034f1007a5fda6591649a596,https://d2q79iu7y748jz.cloudfront.net/s/_headerimage/1960x400/e787fa668886518e823077b83ad15245,Mark J. Barrenechea,https://d2q79iu7y748jz.cloudfront.net/s/_ceophoto/512x512/f353551d7850a8e832172bae5617dc88
indeed,https://in.indeed.com/viewjob?jk=5ada77c58a5cb772,https://jobs.atsautomation.com/job/Bangalore-RPA-Developer-KA/1036708901/?feedId=276601&utm_source=Indeed&utm_campaign=ATS_Indeed,RPA Developer,ATS Corporation,"KA, IN",,2024-03-16,,,,,False,,"Job Summary:
----------------


As an RPA Developer, you will play a vital role in designing, developing, and deploying automation solutions using Robotic Process Automation (RPA) tools and technologies. Working closely with business analysts, process owners, and other developers, you will be responsible for creating and maintaining automation scripts, workflows, and bots that automate repetitive and manual tasks across various business functions. You will also ensure the quality, performance, and scalability of the automation solutions by conducting testing, debugging, and troubleshooting. The ideal candidate is a skilled developer with experience in RPA tools and technologies as well as AIML frameworks and platforms, looking to utilize their talents in enhancing and automating business processes.

What you will do:
---------------------

 Work with business analysts and process owners to understand the business requirements and specifications for the automation solutions.
 Design, develop, and deploy automation scripts, workflows, and bots using RPA tools and technologies such as UiPath, Automation Anywhere, Blue Prism, etc.
 Follow best practices and standards for RPA development, such as naming conventions, code reusability, modularity, exception handling, logging, etc.


 Perform testing and debugging of the automation solutions to ensure quality and functionality  Troubleshoot and resolve any issues or errors related to the automation solutions.  

 Maintain and update the automation solutions as per the changing business needs and requirements.


 Document the automation solutions and provide technical support and guidance to end users  Monitor and measure the performance and benefits of the automation solutions, with clearly defined KPIs on value delivered.  

 Continuously research and learn new RPA tools and technologies to improve the automation capabilities.

What you will need:
-----------------------

Education:

 Bachelors degree in Computer Science, Engineering, or a related field
 Experience:

 A minimum of 3-5 years of experience as a Developer or in a similar role, preferably working on RPA projects.
 Proficiency in developing automation scripts, workflows, and bots using RPA tools and technologies such as UiPath, Automation Anywhere, Blue Prism, etc.
 Knowledge of AIML frameworks and platforms such as TensorFlow, PyTorch, Azure Cognitive Services, Databricks, etc.
 Experience in working with various applications and systems such as web, desktop, mainframe, SAP, etc.
 Experience in conducting testing and debugging of automation solutions.
 Skills:

 Strong knowledge of programming languages such as C, VB.NET, Python, Java, etc.
 Strong knowledge of RPA tools and technologies such as UiPath, Automation Anywhere, Blue Prism, etc.
 Strong grasp of software development life cycle (SDLC) methodologies such as Agile, Scrum, etc.
 Strong analytical, problem-solving, critical thinking, and decision-making skills.
 Demonstrated ability to work both independently and collaboratively in a fast-paced environment.
 Effective time management and task prioritization skills.
 A keen eye for detail and a commitment to delivering high-quality work.

  

If this describes you and you are interested in joining an industry leading and team orientated global organization that provides a competitive compensation and benefits package, we would like to hear from you!


LI-ONSITE

About ATS Corporation
-------------------------

  

ATS is an industry-leading automation solutions provider to many of the worlds most successful companies. ATS uses its extensive knowledge base and global capabilities in custom automation, repeat automation, automation products and value-added services, including pre-automation and after-sales services, to address the sophisticated manufacturing automation systems and service needs of multinational customers in markets such as life sciences, food  beverage, transportation, consumer products, and energy. Founded in 1978, ATS employs over 6,000 people at more than 50 manufacturing facilities and over 75 offices in North America, Europe, Southeast Asia, and China. The Companys shares are traded on the Toronto Stock Exchange under the symbol ATS.  

  

IT at ATS is fast paced and focused on continuous improvement. We leverage leading technologies to drive innovation and diversification from our competitors. Our solutions are rooted in automation and our technology capability is focused to elevate digital connectivity, collaboration, analytics, and self-service enablement. Our strategy is to drive global operational excellence and rethink how we deliver services while enabling growth of the organization through technology partnerships with our business segments and customers. ATS IT fosters professional development, digital impacting opportunities, and creative thinking. If you are searching for a career where you can make a digital impact, we want to hear from you!",https://in.indeed.com/cmp/Ats-Corporation,https://www.navigationarts.com,"Mc Lean, VA",,201 to 500,$25M to $100M (USD),,,,,
indeed,https://in.indeed.com/viewjob?jk=14803227f5d62949,http://www.respondhr.com/135384760,Automation Quality Assurance Engineer,HP,"MH, IN",,2024-03-15,,,,,False,,"Applies intermediate level of subject matter knowledge to solve a variety of common business issues. Works on problems of moderately complex scope. Acts as an informed team member providing analysis of information and limited project direction input. Exercises independent judgment within defined practices and procedures to determine appropriate action. Follows established guidelines and interprets policies. Evaluates unique circumstances and makes recommendations.

Responsibilities:

 Designs quality assurance and test processes for portions of end-user applications, systems software, and firmware running on hardware, local, networked, and Internet-based platforms.
 Analyzes design and determines test scripts, coding, automation, and integration activities required based on specific objectives and established project guidelines.
 Executes and writes portions of testing plans, protocols, and documentation for assigned portion of application; identifies and debugs issues with code and suggests changes or improvements.
 Participates as a member of project team of other software quality assurance engineers and internal and outsourced development partners to develop reliable and cost-effective testing and quality assurance solutions for assigned software portion.
 Collaborates and communicates with internal and outsourced development partners regarding software applications design status, project progress, and issue resolution.

Education and Experience Required:

 Bachelors or Masters degree in Computer Science, Information Systems, or equivalent.
 Typically 2-4 years experience.

Knowledge and Skills:

 Must have skills: Selenium, Java, JMeterKarate framework, Performance Testing.
 Using software quality assurance tools and processes.
 Software testing methodology, including execution of test plans, debugging, and testing scripts and tools.
 Ability to apply analytical and problem solving skills.
 Understanding of design for software and firmware running on multiple platform types Strong written and verbal communication skills; mastery in English and local language.
 Ability to effectively communicate design proposals and negotiate options.


LI-POST",https://in.indeed.com/cmp/HP,https://jobs.hp.com,"Palo Alto, CA",,"10,000+",Decline to state,"At HP, you can reinvent what matters mostâ€”in your career, across the company, and for people everywhere.",https://d2q79iu7y748jz.cloudfront.net/s/_squarelogo/256x256/d05d837238f0d8da119e3de1f2239855,https://d2q79iu7y748jz.cloudfront.net/s/_headerimage/1960x400/98f1a29679314a40aca0b7d0ac3a8f56,Enrique Lores,https://d2q79iu7y748jz.cloudfront.net/s/_ceophoto/512x512/3a167bde4148e06a8b81f2de30723003
indeed,https://in.indeed.com/viewjob?jk=2fdd7d04ae666eec,http://www.respondhr.com/135391555,Software Systems Engineer,HP,"KA, IN",,2024-03-15,,,,,False,,"Principal - Software Systems Engineer 5 - 00102Q

Management level definitions

Unique mastery and recognized authority on relevant subject matter knowledge including technologies, theories and techniques. Contributes to the development of innovative principles and ideas. Successfully operates in HPs most complex disciplines. Provides highly innovative solutions. Leads large, cross-division functional teams or projects that affect the organizations long-term goals and objectives. May participate in cross-division, multi-function teams. Provides mentoring and guidance to lower level employees. Routinely exercises independent judgment in developing methods, techniques and criteria for achieving objectives. Develops strategy and sets functional policy and direction. Acts as a functional manager within area of expertise but does not manage other employees as a primary job function. (TCP review board required in TCP families)

Responsibilities

 Leads the preparation and creation of instructional technical manuscripts for software systems operation.
 Manages resources to complete programming projects, and designs detailed plans to ensure software systems are functioning properly.
 Oversees work of others related to improving the performance and reliability of the organizations software systems infrastructure.
 Develops organization-wide architectures and methodologies for software systems design and development across multiple platforms and organizations within the Global Business Unit.
 Identifies and evaluates new technologies, innovations, and outsourced development partner relationships for alignment with technology roadmap and business value; creates plans for integration and update into architecture.
 Reviews and evaluates designs and project activities for compliance with development guidelines and standards; provides tangible feedback to improve product quality and mitigate failure risk.
 Leverages recognized domain expertise, business acumen, and experience to influence decisions of executive business leadership, outsourced development partners, and industry standards groups.
 Provides guidance and mentoring to less- experienced staff members to set an example of software systems design and development innovation and excellence.

Classification Guidance  

The sections below help differentiate between levels to enable consistency.

Education and Experience Required

 Bachelors degree in relevant area or demonstrated competence.
 Typically 10 years of Generalowner experience.

Knowledge and Skills

 Expertise of complex software systems, including enterprise, middleware, firmware, and embedded systems.
 Strong experience in software development, systems engineering, or software product management. or electrical engineering.
 Expert business acumen and knowledge of root cause analysis and problem detection.
 Experience designing and developing software systems design tools and languages.
 Excellent analytical and problem solving skills.
 Experience in overall architecture of software systems for products and solutions.
 Designing and integrating software systems running on multiple platform types into overall architecture.
 Evaluating and selecting forms and processes for software systems testing and methodology, including writing and execution of test plans, debugging, and testing scripts and tools.
 History of innovation with multiple patents or deployed solutions in the field of software design.
 Excellent written and verbal communication skills; mastery in English and local language.
 Ability to effectively communicate product architectures, design proposals and negotiate options at business unit and executive levels.

ImpactScope

 Partners with sales, customer success, and support teams to define business requirements, product design, deployment and adoption plans.
 Acts as a subject matter expert and advise various internal, partner, and customer teams on the needs and requirements of target markets.
 Provides guidance for junior team members.
 Oversees the overall quality of work of the product management team.
 Decisions with regard to products may have organizational impacts of up to a year.

Complexity

 High: Extensive cross-functionalcross-organizational senior management interface; deals with complex strategic issues.
 Unique mastery and recognized authority on relevant subject matter knowledge including technologies, theories and techniques. Contributes to the development of innovative principles and ideas. Successfully operates in HPs most complex disciplines.
 Provides highly innovative solutions. Leads large, cross-division functional teams or projects that affect the organizations long-term goals and objectives. May participate in cross-division, multi-function teams. Provides mentoring and guidance to lower level employees.",https://in.indeed.com/cmp/HP,https://jobs.hp.com,"Palo Alto, CA",,"10,000+",Decline to state,"At HP, you can reinvent what matters mostâ€”in your career, across the company, and for people everywhere.",https://d2q79iu7y748jz.cloudfront.net/s/_squarelogo/256x256/d05d837238f0d8da119e3de1f2239855,https://d2q79iu7y748jz.cloudfront.net/s/_headerimage/1960x400/98f1a29679314a40aca0b7d0ac3a8f56,Enrique Lores,https://d2q79iu7y748jz.cloudfront.net/s/_ceophoto/512x512/3a167bde4148e06a8b81f2de30723003
indeed,https://in.indeed.com/viewjob?jk=a0d112a7660c2fb4,http://www.respondhr.com/135390403,Application Development Lead Universal Windows Program (UWP) and Xamarin,HP,"KA, IN",,2024-03-15,,,,,False,,"Designs, analyzes, programs, debugs, troubleshoots, and modifies software solutions for enhancements and new products. Formulates and defines system scope and objectives for assigned projects combining knowledge and disciplines of all aspects of a solution development (e.g., Microservices, Cloud technologies, NFRs, managing production issues, coding, testing, debugging, and documentation) and makes recommendations or decisions on enhancement or modification of services in solutions.


SKILL SET


Lead and develop cross-platform application features and enhancements using Java, Springboot, Rest API, Mongo DB, Cloud Technologies like AWS (Good to have C, .Net, Java script, SQL)


Design and implement back end Microservices and should have knowledge on Non-functional requirements(NFRs) like memory analysis, load testing and DevOps.


Responsibilities

 With a high degree of expertise and independent skills on maintain back end Microservices and other cloud resources.
 Hands on expertise on E2E solution development using Agile Framework.
 Monitor and test application performance for potential bottlenecks, identify possible solutions, and implementation of the same.
 Designs enhancements, updates, and programming changes for portions and subsystems of solutions like cache, databases etc
 Analyzes design and determines coding, programming, and integration activities required based on general objectives and knowledge of overall architecture of product or solution
 Writes and executes complete unit and Integration tests and documentation for assigned portion of application; identifies and debugs, and creates solutions for issues with code and integration into application architecture
 Work closely with project team of other software systems engineers and internal and outsourced development partners to develop reliable, cost effective and high quality solutions for assigned systems portion or subsystem
 Collaborates and communicates with management, internal, and outsourced development partners regarding software systems design status, project progress, and issue resolution
 Represents the software systems engineering team for all phases of larger and more-complex development projects.
 Provides guidance and mentoring to less- experienced staff members


Knowledge  Skills

 Strong technical knowledge of EnterprisesConsumerSMB solutions
 Adept at collecting and analyzing input from multiple stakeholders like TPM, Product team, QA, Architect etc
 Significant experience in software development, systems engineering, software product management
 Ability to understand and deal well with rapid development cycles and remain flexible in the face of uncertainty
 Expertise in multiple software systems design tools and languages
 Strong analytical and problem-solving skills
 Demonstrate flexibility in designing and development of software using different technologies.
 Software systems testing methodology, including writing and execution of test, debugging, and testing scripts and tools
 Excellent written and verbal communication skills; mastery in English and local language. Ability to effectively communicate product architectures, design proposals and negotiate options at management levels


Scope  Impact

 Decisions and actions typically impact multiple departments and may have downstream repercussions lasting multiple weeks
 Advises various internal, partner, and customer teams on the needs and requirements of target markets
 Works closely with architects and technology leads, directly engaging with internal and external software development teams


Complexity

 Moderate: Some senior management interface; frequent cross-functionalcross-organizational interaction on execution of tactics
 Applies developed subject matter knowledge to solve common and complex business issues within established guidelines and recommends appropriate alternatives. Works on problems of diverse complexity and scope. May act as a team or project.
 Leader providing direction to team activities and facilitates information validation and team decision making process. Exercises independent judgment within generally defined policies and practices to identify and select a solution.


Education  Experience

 Bachelors or Masters degree in relevant area or demonstrated competence. Typically 4-6 years of Generalowner experience.",https://in.indeed.com/cmp/HP,https://jobs.hp.com,"Palo Alto, CA",,"10,000+",Decline to state,"At HP, you can reinvent what matters mostâ€”in your career, across the company, and for people everywhere.",https://d2q79iu7y748jz.cloudfront.net/s/_squarelogo/256x256/d05d837238f0d8da119e3de1f2239855,https://d2q79iu7y748jz.cloudfront.net/s/_headerimage/1960x400/98f1a29679314a40aca0b7d0ac3a8f56,Enrique Lores,https://d2q79iu7y748jz.cloudfront.net/s/_ceophoto/512x512/3a167bde4148e06a8b81f2de30723003
indeed,https://in.indeed.com/viewjob?jk=1ff621d065797454,https://medtronic.eightfold.ai/careers?pid=18816061&domain=medtronic.com,Senior Software Test Engineer,Medtronic,"TS, IN",,2023-10-13,,,,,True,,"Careers that Change Lives  

The Medtronic Digital Health organization is Medtronics technology team focused on next generation Digital Health capabilities which deliver on the Medtronic mission and vision to deliver Insight Driven Care. This role will operate within the Digital Health Applications  Interoperability subgroup of the broader Digital Health team, focused on patient engagement, care coordination, AI, healthcare analytics  interoperability amongst other advanced technologies which enhance our product portfolio with new services, while improving clinical  patient experiences.


We are looking for a Sr. Quality Analyst, focusing on test design, development, and execution within this technology team to implement new capabilities and services supporting Medtronic globally.  



  

A Day in the Life  

 Collaborate with development teams, business analysts, product leads and project managers to understand all requirements and develop test plans to support delivery efforts


 Coordinates all aspects of software testing:


o Test case development based on functional and technical specifications


o Execute manual tests to identify defects, inconsistencies and performance issues


o Support multiple testing types, including functional, regression, integration and usability testing


o Managing all aspects of defect identification and resolution


o Deliver related documentation to support quality and software validation activities


 Coordinates activities with clients, programmersdevelopers and operating personnel, domestic and, as appropriate, global.


 Identifies current and anticipated requirements for compliant computerized operations and suggests methods for the identification, implementation and maintenance of the procedures, actions and documentation necessary to assure compliance according to the appropriate federal and international regulations which govern the users applications.


 Reports on the status of validation activities to fulfill MSCM requirements.


 Performs system administration and configuration of quality information technology systems required for validation processes.


 Maintains user stories and test scripts which align to requirements for the information technology systems


 Works with business teams to communicate validation strategy.


 Identify validation required for information system enhancements or maintenance releases.


 Design, develop, and implement testing methods and scripts to support the information technology system.


 Plans and coordinates schedules, and software required for each validation phase; functional, system, regression, user acceptance and smoke testing.


 Advanced understanding of validation processes and the ability to evaluate the performance of a software system.


 May act as a mentor to colleagues or may direct the work of other lower level validation professionals, including remote team members.


Deliver and oversee validation activities, whether required from design to implementation or as required in operation support activities, while adhering to policies, using specialized knowledge and skills normally acquired through advanced education (typically University) or experience


Must Have: Minimum Requirements  

 8- 12 yrs of experience with a bachelors degree


 Proven experience as a software test lead


 Demonstrate understanding of software testing methodologies and best practices


 Knowledge and experience with Cloud system testingvalidation activities


 Previous experience with web andor API based test automation


 Previous experience with automation testing and tooling (Selenium, pytest, etc)


 Previous experience with DevOps pipeline and tooling (GitLab, Jenkins, etc)


 Experience automating testing for AWS based API  microservices (Python preferred)


Job Experience
 4-7 application development experience
Nice to Have  

 Quality assurance experience working in an application lifecycle management (ALM) platform


 Previous Medtronic experience working with MSCM and validating information management systems


 Previous experience supporting regulated software products and processes related to regulatory submission


About Medtronic  

Together, we can change healthcare worldwide. At Medtronic, we push the limits of what technology, therapies and services can do to help alleviate pain, restore health and extend life. We challenge ourselves and each other to make tomorrow better than yesterday. It is what makes this an exciting and rewarding place to be.
  

We want to accelerate and advance our ability to create meaningful innovations - but we will only succeed with the right people on our team. Lets work together to address universal healthcare needs and improve patients lives. Help us shape the future.  

  

  

MEICITJOBS",https://in.indeed.com/cmp/Medtronic,http://www.medtronic.com/,"20 Lower Hatch Street
Dublin 2, Ireland", Health Care,"10,000+",more than $10B (USD),"CAREERS THAT CHANGE LIVES Do meaningful work, make a difference, and improve lives.",https://d2q79iu7y748jz.cloudfront.net/s/_squarelogo/256x256/4904f6855d3ff31e9e2a0dfb4e297773,https://d2q79iu7y748jz.cloudfront.net/s/_headerimage/1960x400/6fd0979398768a310946e5767c145cbc,Geoff Martha,
